{
  "project_info": {
    "project_id": "tmessages2",
    "project_number": "645926201293",
    "name": "Telegram"
  },
  "client": [
    {
      "client_info": {
        "mobilesdk_app_id": "1:760348033671:android:f6afd7b67eae3860",
        "client_id": "android:com.avina.tg",
        "client_type": 1,
        "android_client_info": {
          "package_name": "com.avina.tg",
          "certificate_hash": []
        }
      },
      "oauth_client": [],
     "api_key": [ { "current_key": XXX } ],
      "services": {
        "analytics_service": {
          "status": 1
        },
        "cloud_messaging_service": {
          "status": 2,
          "apns_config": []
        },
        "appinvite_service": {
          "status": 1,
          "other_platform_oauth_client": []
        },
        "google_signin_service": {
          "status": 1
        },
        "ads_service": {
          "status": 1
        }
      }
    },
    {
      "client_info": {
        "mobilesdk_app_id": "1:760348033671:android:dc022572c167a16c",
        "client_id": "android:com.avina.tg.beta",
        "client_type": 1,
        "android_client_info": {
          "package_name": "com.avina.tg.beta",
          "certificate_hash": []
        }
      },
      "oauth_client": [],
      "api_key": [ { "current_key": XXX } ],
      "services": {
        "analytics_service": {
          "status": 1
        },
        "cloud_messaging_service": {
          "status": 2,
          "apns_config": []
        },
        "appinvite_service": {
          "status": 1,
          "other_platform_oauth_client": []
        },
        "google_signin_service": {
          "status": 1
        },
        "ads_service": {
          "status": 1
        }
      }
    }
  ],
  "client_info": [],
  "ARTIFACT_VERSION": "1"
}
